{"proxies":{"com.liferay.beacons.LiferayBeaconsModule":{"superPackageName":"org.appcelerator.kroll","methods":{"startRangingForRegion":{"runOnUiThread":false,"hasInvocation":false,"args":[{"converter":"org.appcelerator.kroll.KrollConverter","defaultValueProvider":"org.appcelerator.kroll.KrollConverter","name":"region","sourceName":"region","type":"java.lang.Object"}],"apiName":"startRangingForRegion","converter":"org.appcelerator.kroll.KrollConverter","defaultValueProvider":"org.appcelerator.kroll.KrollConverter","name":"__default_name__","returnType":"void"},"setScanPeriods":{"runOnUiThread":false,"hasInvocation":false,"args":[{"converter":"org.appcelerator.kroll.KrollConverter","defaultValueProvider":"org.appcelerator.kroll.KrollConverter","name":"scanPeriods","sourceName":"scanPeriods","type":"java.lang.Object"}],"apiName":"setScanPeriods","converter":"org.appcelerator.kroll.KrollConverter","defaultValueProvider":"org.appcelerator.kroll.KrollConverter","name":"__default_name__","returnType":"void"},"disableAutoRanging":{"runOnUiThread":false,"hasInvocation":false,"args":[],"apiName":"disableAutoRanging","converter":"org.appcelerator.kroll.KrollConverter","defaultValueProvider":"org.appcelerator.kroll.KrollConverter","name":"__default_name__","returnType":"void"},"stopMonitoringAllRegions":{"runOnUiThread":false,"hasInvocation":false,"args":[],"apiName":"stopMonitoringAllRegions","converter":"org.appcelerator.kroll.KrollConverter","defaultValueProvider":"org.appcelerator.kroll.KrollConverter","name":"__default_name__","returnType":"void"},"isReady":{"runOnUiThread":false,"hasInvocation":false,"args":[],"apiName":"isReady","converter":"org.appcelerator.kroll.KrollConverter","defaultValueProvider":"org.appcelerator.kroll.KrollConverter","name":"__default_name__","returnType":"boolean"},"setNormalRanging":{"runOnUiThread":false,"hasInvocation":false,"args":[],"apiName":"setNormalRanging","converter":"org.appcelerator.kroll.KrollConverter","defaultValueProvider":"org.appcelerator.kroll.KrollConverter","name":"__default_name__","returnType":"void"},"setSingleRanging":{"runOnUiThread":false,"hasInvocation":false,"args":[],"apiName":"setSingleRanging","converter":"org.appcelerator.kroll.KrollConverter","defaultValueProvider":"org.appcelerator.kroll.KrollConverter","name":"__default_name__","returnType":"void"},"setAutoRange":{"runOnUiThread":false,"hasInvocation":false,"args":[{"converter":"org.appcelerator.kroll.KrollConverter","defaultValueProvider":"org.appcelerator.kroll.KrollConverter","name":"autoRange","sourceName":"autoRange","type":"boolean"}],"apiName":"setAutoRange","converter":"org.appcelerator.kroll.KrollConverter","defaultValueProvider":"org.appcelerator.kroll.KrollConverter","name":"__default_name__","returnType":"void"},"checkAvailability":{"runOnUiThread":false,"hasInvocation":false,"args":[],"apiName":"checkAvailability","converter":"org.appcelerator.kroll.KrollConverter","defaultValueProvider":"org.appcelerator.kroll.KrollConverter","name":"__default_name__","returnType":"boolean"},"setRssiFilter":{"runOnUiThread":false,"hasInvocation":false,"args":[{"converter":"org.appcelerator.kroll.KrollConverter","defaultValueProvider":"org.appcelerator.kroll.KrollConverter","name":"filter","sourceName":"filter","type":"java.lang.String"},{"converter":"org.appcelerator.kroll.KrollConverter","defaultValueProvider":"org.appcelerator.kroll.KrollConverter","name":"ms","optional":true,"sourceName":"ms","type":"long"}],"apiName":"setRssiFilter","converter":"org.appcelerator.kroll.KrollConverter","defaultValueProvider":"org.appcelerator.kroll.KrollConverter","name":"__default_name__","returnType":"void"},"enableAutoRanging":{"runOnUiThread":false,"hasInvocation":false,"args":[],"apiName":"enableAutoRanging","converter":"org.appcelerator.kroll.KrollConverter","defaultValueProvider":"org.appcelerator.kroll.KrollConverter","name":"__default_name__","returnType":"void"},"setDebug":{"runOnUiThread":false,"hasInvocation":false,"args":[{"converter":"org.appcelerator.kroll.KrollConverter","defaultValueProvider":"org.appcelerator.kroll.KrollConverter","name":"flag","sourceName":"flag","type":"boolean"}],"apiName":"setDebug","converter":"org.appcelerator.kroll.KrollConverter","defaultValueProvider":"org.appcelerator.kroll.KrollConverter","name":"__default_name__","returnType":"void"},"clearRangableRegions":{"runOnUiThread":false,"hasInvocation":false,"args":[],"apiName":"clearRangableRegions","converter":"org.appcelerator.kroll.KrollConverter","defaultValueProvider":"org.appcelerator.kroll.KrollConverter","name":"__default_name__","returnType":"void"},"scanForClosestBeacon":{"runOnUiThread":false,"hasInvocation":false,"args":[{"converter":"org.appcelerator.kroll.KrollConverter","defaultValueProvider":"org.appcelerator.kroll.KrollConverter","name":"minScanLength","sourceName":"minScanLength","type":"long"},{"converter":"org.appcelerator.kroll.KrollConverter","defaultValueProvider":"org.appcelerator.kroll.KrollConverter","name":"maxScanLength","sourceName":"maxScanLength","type":"long"},{"converter":"org.appcelerator.kroll.KrollConverter","defaultValueProvider":"org.appcelerator.kroll.KrollConverter","name":"foregroundScanPeriod","sourceName":"foregroundScanPeriod","type":"int"},{"converter":"org.appcelerator.kroll.KrollConverter","defaultValueProvider":"org.appcelerator.kroll.KrollConverter","name":"foregroundBetweenScanPeriod","sourceName":"foregroundBetweenScanPeriod","type":"int"},{"converter":"org.appcelerator.kroll.KrollConverter","defaultValueProvider":"org.appcelerator.kroll.KrollConverter","name":"tRssi","sourceName":"tRssi","type":"int"}],"apiName":"scanForClosestBeacon","converter":"org.appcelerator.kroll.KrollConverter","defaultValueProvider":"org.appcelerator.kroll.KrollConverter","name":"__default_name__","returnType":"void"},"setBackgroundMode":{"runOnUiThread":false,"hasInvocation":false,"args":[{"converter":"org.appcelerator.kroll.KrollConverter","defaultValueProvider":"org.appcelerator.kroll.KrollConverter","name":"flag","sourceName":"flag","type":"boolean"}],"apiName":"setBackgroundMode","converter":"org.appcelerator.kroll.KrollConverter","defaultValueProvider":"org.appcelerator.kroll.KrollConverter","name":"__default_name__","returnType":"void"},"instantiateManager":{"runOnUiThread":false,"hasInvocation":false,"args":[],"apiName":"instantiateManager","converter":"org.appcelerator.kroll.KrollConverter","defaultValueProvider":"org.appcelerator.kroll.KrollConverter","name":"__default_name__","returnType":"void"},"startMonitoringForRegion":{"runOnUiThread":false,"hasInvocation":false,"args":[{"converter":"org.appcelerator.kroll.KrollConverter","defaultValueProvider":"org.appcelerator.kroll.KrollConverter","name":"region","sourceName":"region","type":"java.lang.Object"}],"apiName":"startMonitoringForRegion","converter":"org.appcelerator.kroll.KrollConverter","defaultValueProvider":"org.appcelerator.kroll.KrollConverter","name":"__default_name__","returnType":"void"},"stopRangingForAllBeacons":{"runOnUiThread":false,"hasInvocation":false,"args":[],"apiName":"stopRangingForAllBeacons","converter":"org.appcelerator.kroll.KrollConverter","defaultValueProvider":"org.appcelerator.kroll.KrollConverter","name":"__default_name__","returnType":"void"},"setupRangableRegion":{"runOnUiThread":false,"hasInvocation":false,"args":[{"converter":"org.appcelerator.kroll.KrollConverter","defaultValueProvider":"org.appcelerator.kroll.KrollConverter","name":"region","sourceName":"region","type":"java.lang.Object"}],"apiName":"setupRangableRegion","converter":"org.appcelerator.kroll.KrollConverter","defaultValueProvider":"org.appcelerator.kroll.KrollConverter","name":"__default_name__","returnType":"void"},"getClosestBeacon":{"runOnUiThread":false,"hasInvocation":false,"args":[],"apiName":"getClosestBeacon","converter":"org.appcelerator.kroll.KrollConverter","defaultValueProvider":"org.appcelerator.kroll.KrollConverter","name":"__default_name__","returnType":"org.appcelerator.kroll.KrollDict"}},"superProxyBindingClassName":"org.appcelerator.kroll.KrollModuleBindingGen","proxyClassName":"LiferayBeaconsModule","proxyAttrs":{"propertyAccessors":[],"fullAPIName":"LiferayBeacons","name":"LiferayBeacons","proxyClassName":"com.liferay.beacons.LiferayBeaconsModule","isTopLevel":false,"id":"com.liferay.beacons"},"packageName":"com.liferay.beacons","sourceName":"com.liferay.beacons.LiferayBeaconsModuleBindingGen","isTitaniumSdk":false,"superProxyClassName":"KrollModule","isModule":true,"genClassName":"LiferayBeaconsModuleBindingGen","onAppCreate":"onAppCreate"}},"modules":{"com.liferay.beacons.LiferayBeaconsModule":{"apiName":"LiferayBeacons"}}}